<?xml version="1.0" encoding="UTF-8"?>
<!DOCTYPE mapper PUBLIC "-//mybatis.org//DTD Mapper 3.0//EN"
		 "http://mybatis.org/dtd/mybatis-3-mapper.dtd" >
		 
<mapper namespace="com.practice.urlShortening.Url.UrlDAO" >

    <select id="getUrlList" resultType="com.practice.urlShortening.Url.Url">
        select * from URLINFO
    </select>
    
    <select id="getUrl" resultType="com.practice.urlShortening.Url.Url">
    	select * from URLINFO
    	where shortUrl = #{shortUrl}
    </select>
    
    <select id="getUrlBySeq" resultType="com.practice.urlShortening.Url.Url">
    	select * from URLINFO
    	where seq = #{seq}
    </select>
    
    <insert id="register" parameterType="com.practice.urlShortening.Url.Url"
     useGeneratedKeys="true" keyProperty="seq">
    	insert into URLINFO(shortUrl, originalUrl, registerDate) values
    	(#{shortUrl}, #{originalUrl}, #{registerDate})
    </insert>
    
    <update id="update" parameterType="com.practice.urlShortening.Url.Url">
    	update URLINFO set shortUrl = #{shortUrl}, originalUrl = #{originalUrl}, registerDate = #{registerDate}
    	where seq = #{seq}
    </update>
    
    <delete id="delete">
    	delete from URLINFO
    	where shortUrl = #{shortUrl}
    </delete>
    
    <select id="originalExist" resultType="java.lang.Integer">
    	select seq from URLINFO
    	where originalUrl = #{originalUrl}
    </select>
    
</mapper>